label,generation,hypervolume
u1_nsgaii_div,0,3831642.7346
u1_nsgaii_div,1,3924464.3172
u1_nsgaii_div,2,3655575.1431
u1_nsgaii_div,3,3793799.2897
u1_nsgaii_div,4,3808054.6565
u1_nsgaii_div,5,3869075.6363
u1_nsgaii_div,6,4374388.8545
u1_nsgaii_div,7,4386735.0415
u1_nsgaii_div,8,4609411.6085
u1_nsgaii_div,9,4575885.6695
u1_nsgaii_div,10,4580157.5775
u1_nsgaii_div,11,4614298.938
u1_nsgaii_div,12,4615630.509
u1_nsgaii_div,13,4651521.9498
u1_nsgaii_div,14,4657506.5588
u1_nsgaii_div,15,4667939.306
u1_nsgaii_div,16,4667957.814
u1_nsgaii_div,17,4663871.5513
u1_nsgaii_div,18,4675716.5572
u1_nsgaii_div,19,4676466.2852
u1_nsgaii_div,20,4742251.6283
u1_nsgaii_div,21,4744007.4083
u1_nsgaii_div,22,4810414.703
u1_nsgaii_div,23,4819873.978
u1_nsgaii_div,24,4831951.0778
u1_nsgaii_div,25,4833715.9594
u1_nsgaii_div,26,4855080.678
u1_nsgaii_div,27,4850566.429
u1_nsgaii_div,28,4870355.1396
u1_nsgaii_div,29,4897000.9289
u1_nsgaii_div,30,4913935.1279
u1_nsgaii_div,31,4914369.1959
u1_nsgaii_div,32,4922161.2569
u1_nsgaii_div,33,4934481.9496
u1_nsgaii_div,34,4934481.9496
u1_nsgaii_div,35,4975571.3871
u1_nsgaii_div,36,4989227.3001
u1_nsgaii_div,37,5011058.7276
u1_nsgaii_div,38,5001310.856
u1_nsgaii_div,39,5011137.6662
u1_nsgaii_div,40,5011148.7062
u1_nsgaii_div,41,5011385.6242
u1_nsgaii_div,42,5031469.0627
u1_nsgaii_div,43,5032166.9167
u1_nsgaii_div,44,5031831.0847
u1_nsgaii_div,45,5050221.7445
u1_nsgaii_div,46,5050034.8565
u1_nsgaii_div,47,5050935.6945
u1_nsgaii_div,48,5063735.1985
u1_nsgaii_div,49,5063735.1985
u1_nsgaii_div,50,5065937.7695
u1_nsgaii_div,51,5101418.1476
u1_nsgaii_div,52,5101418.1476
u1_nsgaii_div,53,5101418.1476
u1_nsgaii_div,54,5083781.0996
u1_nsgaii_div,55,5083586.3702
u1_nsgaii_div,56,5083665.1202
u1_nsgaii_div,57,5083665.1202
u1_nsgaii_div,58,5085886.3967
u1_nsgaii_div,59,5094656.2084
u1_nsgaii_div,60,5094656.2084
u1_nsgaii_div,61,5095617.6604
u1_nsgaii_div,62,5126049.7784
u1_nsgaii_div,63,5135701.3374
u1_nsgaii_div,64,5156772.0229
u1_nsgaii_div,65,5156345.6529
u1_nsgaii_div,66,5156847.4135
u1_nsgaii_div,67,5175710.9025
u1_nsgaii_div,68,5178141.8985
u1_nsgaii_div,69,5178686.0325
u1_nsgaii_div,70,5165382.4216
u1_nsgaii_div,71,5173207.6471
u1_nsgaii_div,72,5174787.8501
u1_nsgaii_div,73,5175394.2851
u1_nsgaii_div,74,5175415.4051
u1_nsgaii_div,75,5187819.9759
u1_nsgaii_div,76,5187819.9759
u1_nsgaii_div,77,5212733.3031
u1_nsgaii_div,78,5213637.0611
u1_nsgaii_div,79,5213500.8766
u1_nsgaii_div,80,5213500.8766
u1_nsgaii_div,81,5213500.8766
u1_nsgaii_div,82,5218372.1011
u1_nsgaii_div,83,5218372.1011
u1_nsgaii_div,84,5218372.1011
u1_nsgaii_div,85,5217727.7211
u1_nsgaii_div,86,5218020.9551
u1_nsgaii_div,87,5221803.1621
u1_nsgaii_div,88,5221803.1621
u1_nsgaii_div,89,5244852.8164
u1_nsgaii_div,90,5244852.8164
u1_nsgaii_div,91,5244852.8164
u1_nsgaii_div,92,5265150.9624
u1_nsgaii_div,93,5265628.1424
u1_nsgaii_div,94,5265628.1424
u1_nsgaii_div,95,5264105.2048
u1_nsgaii_div,96,5264484.1098
u1_nsgaii_div,97,5264338.1838
u1_nsgaii_div,98,5264338.1838
u1_nsgaii_div,99,5264338.1838
u1_nsgaii_nodiv,0,3839391.5702
u1_nsgaii_nodiv,1,4129018.2699
u1_nsgaii_nodiv,2,4167438.453
u1_nsgaii_nodiv,3,4207395.14
u1_nsgaii_nodiv,4,4388129.181
u1_nsgaii_nodiv,5,4099288.6982
u1_nsgaii_nodiv,6,4106135.6607
u1_nsgaii_nodiv,7,4180220.1622
u1_nsgaii_nodiv,8,4218607.8681
u1_nsgaii_nodiv,9,4177955.6983
u1_nsgaii_nodiv,10,4393065.8043
u1_nsgaii_nodiv,11,4395230.5453
u1_nsgaii_nodiv,12,4488624.3315
u1_nsgaii_nodiv,13,4488898.3075
u1_nsgaii_nodiv,14,4528012.1645
u1_nsgaii_nodiv,15,4532587.9385
u1_nsgaii_nodiv,16,4565799.8953
u1_nsgaii_nodiv,17,4575626.7088
u1_nsgaii_nodiv,18,4579747.2133
u1_nsgaii_nodiv,19,4595621.8538
u1_nsgaii_nodiv,20,4599233.9988
u1_nsgaii_nodiv,21,4640567.8288
u1_nsgaii_nodiv,22,4693878.2874
u1_nsgaii_nodiv,23,4693878.2874
u1_nsgaii_nodiv,24,4694208.0714
u1_nsgaii_nodiv,25,4720353.7474
u1_nsgaii_nodiv,26,4729107.5074
u1_nsgaii_nodiv,27,4732774.1794
u1_nsgaii_nodiv,28,4749965.0104
u1_nsgaii_nodiv,29,4755896.4399
u1_nsgaii_nodiv,30,4758096.3285
u1_nsgaii_nodiv,31,4758096.3285
u1_nsgaii_nodiv,32,4840505.7935
u1_nsgaii_nodiv,33,4841477.1985
u1_nsgaii_nodiv,34,4878250.1651
u1_nsgaii_nodiv,35,4965102.6213
u1_nsgaii_nodiv,36,4965435.0953
u1_nsgaii_nodiv,37,4990599.8593
u1_nsgaii_nodiv,38,5010257.6754
u1_nsgaii_nodiv,39,5015110.6564
u1_nsgaii_nodiv,40,4956035.3484
u1_nsgaii_nodiv,41,4964497.544
u1_nsgaii_nodiv,42,4969118.0163
u1_nsgaii_nodiv,43,4971454.3268
u1_nsgaii_nodiv,44,4971454.3268
u1_nsgaii_nodiv,45,5099524.0802
u1_nsgaii_nodiv,46,5134187.3376
u1_nsgaii_nodiv,47,5137829.7446
u1_nsgaii_nodiv,48,5147189.7292
u1_nsgaii_nodiv,49,5198886.0906
u1_nsgaii_nodiv,50,5212983.8961
u1_nsgaii_nodiv,51,5384997.6917
u1_nsgaii_nodiv,52,5388715.4517
u1_nsgaii_nodiv,53,5452196.2581
u1_nsgaii_nodiv,54,5455091.8581
u1_nsgaii_nodiv,55,5456588.1711
u1_nsgaii_nodiv,56,5392690.0986
u1_nsgaii_nodiv,57,5413894.4946
u1_nsgaii_nodiv,58,5414076.8846
u1_nsgaii_nodiv,59,5438988.7896
u1_nsgaii_nodiv,60,5518858.9725
u1_nsgaii_nodiv,61,5512163.8375
u1_nsgaii_nodiv,62,5512602.2995
u1_nsgaii_nodiv,63,5513103.6865
u1_nsgaii_nodiv,64,5523495.796
u1_nsgaii_nodiv,65,5535766.1345
u1_nsgaii_nodiv,66,5535766.1345
u1_nsgaii_nodiv,67,5535766.1345
u1_nsgaii_nodiv,68,5542043.0625
u1_nsgaii_nodiv,69,5542043.0625
u1_nsgaii_nodiv,70,5544975.8435
u1_nsgaii_nodiv,71,5569602.5685
u1_nsgaii_nodiv,72,5559558.0015
u1_nsgaii_nodiv,73,5559558.0015
u1_nsgaii_nodiv,74,5663316.8819
u1_nsgaii_nodiv,75,5668953.9259
u1_nsgaii_nodiv,76,5679593.3383
u1_nsgaii_nodiv,77,5681097.3413
u1_nsgaii_nodiv,78,5687391.9848
u1_nsgaii_nodiv,79,5686627.1848
u1_nsgaii_nodiv,80,5683372.5641
u1_nsgaii_nodiv,81,5684569.9641
u1_nsgaii_nodiv,82,5685850.0291
u1_nsgaii_nodiv,83,5698935.8387
u1_nsgaii_nodiv,84,5703098.1387
u1_nsgaii_nodiv,85,5707407.6627
u1_nsgaii_nodiv,86,5703265.4617
u1_nsgaii_nodiv,87,5703261.3817
u1_nsgaii_nodiv,88,5704518.3597
u1_nsgaii_nodiv,89,5704942.9597
u1_nsgaii_nodiv,90,5708411.7917
u1_nsgaii_nodiv,91,5715579.3092
u1_nsgaii_nodiv,92,5712749.2122
u1_nsgaii_nodiv,93,5716484.8642
u1_nsgaii_nodiv,94,5710179.5702
u1_nsgaii_nodiv,95,5710179.5702
u1_nsgaii_nodiv,96,5710449.7472
u1_nsgaii_nodiv,97,5710536.1402
u1_nsgaii_nodiv,98,5708353.0112
u1_nsgaii_nodiv,99,5706875.2992
u1_spea2_div,0,3537751.2029
u1_spea2_div,1,3762925.2404
u1_spea2_div,2,4074541.132
u1_spea2_div,3,4163176.3278
u1_spea2_div,4,4279233.509
u1_spea2_div,5,4092036.5521
u1_spea2_div,6,4127291.9533
u1_spea2_div,7,4219946.7741
u1_spea2_div,8,4290837.4098
u1_spea2_div,9,4258075.1864
u1_spea2_div,10,4270638.6374
u1_spea2_div,11,4273281.1314
u1_spea2_div,12,4325253.9858
u1_spea2_div,13,4604709.7937
u1_spea2_div,14,4594496.299
u1_spea2_div,15,4595457.467
u1_spea2_div,16,4634950.6564
u1_spea2_div,17,4659857.3474
u1_spea2_div,18,4661307.1674
u1_spea2_div,19,4661488.5984
u1_spea2_div,20,4662545.5924
u1_spea2_div,21,4708322.7149
u1_spea2_div,22,4708322.7149
u1_spea2_div,23,4747824.0133
u1_spea2_div,24,4753935.5273
u1_spea2_div,25,4767385.2223
u1_spea2_div,26,4782985.8063
u1_spea2_div,27,4846600.7459
u1_spea2_div,28,4846600.7459
u1_spea2_div,29,4846712.3059
u1_spea2_div,30,4846848.0339
u1_spea2_div,31,4847906.5059
u1_spea2_div,32,4848555.6009
u1_spea2_div,33,4932200.5793
u1_spea2_div,34,4941338.8421
u1_spea2_div,35,4978060.4816
u1_spea2_div,36,4978594.5096
u1_spea2_div,37,4973847.1576
u1_spea2_div,38,4973847.1576
u1_spea2_div,39,4974032.7936
u1_spea2_div,40,4974874.5736
u1_spea2_div,41,4990233.161
u1_spea2_div,42,4990771.028
u1_spea2_div,43,4997714.106
u1_spea2_div,44,4997714.106
u1_spea2_div,45,5004441.7618
u1_spea2_div,46,5037170.7908
u1_spea2_div,47,5050480.7246
u1_spea2_div,48,5051197.9476
u1_spea2_div,49,5053355.4736
u1_spea2_div,50,5053355.4736
u1_spea2_div,51,5066099.9276
u1_spea2_div,52,5078474.9262
u1_spea2_div,53,5077572.6012
u1_spea2_div,54,5103658.597
u1_spea2_div,55,5103714.757
u1_spea2_div,56,5103714.757
u1_spea2_div,57,5103714.757
u1_spea2_div,58,5103825.349
u1_spea2_div,59,5104214.149
u1_spea2_div,60,5110318.6095
u1_spea2_div,61,5132912.4534
u1_spea2_div,62,5136830.9064
u1_spea2_div,63,5157200.4879
u1_spea2_div,64,5146379.9314
u1_spea2_div,65,5144900.3884
u1_spea2_div,66,5156451.6604
u1_spea2_div,67,5156612.7304
u1_spea2_div,68,5180253.4274
u1_spea2_div,69,5270475.1757
u1_spea2_div,70,5276513.3853
u1_spea2_div,71,5280471.7067
u1_spea2_div,72,5280881.5347
u1_spea2_div,73,5280881.5347
u1_spea2_div,74,5281050.9217
u1_spea2_div,75,5282332.0862
u1_spea2_div,76,5282385.8602
u1_spea2_div,77,5282385.8602
u1_spea2_div,78,5282385.8602
u1_spea2_div,79,5282561.2332
u1_spea2_div,80,5282561.2332
u1_spea2_div,81,5282445.7532
u1_spea2_div,82,5282445.7532
u1_spea2_div,83,5314819.901
u1_spea2_div,84,5314819.901
u1_spea2_div,85,5310532.381
u1_spea2_div,86,5302099.7939
u1_spea2_div,87,5288883.5371
u1_spea2_div,88,5290156.6961
u1_spea2_div,89,5290156.6961
u1_spea2_div,90,5304180.3786
u1_spea2_div,91,5304180.3786
u1_spea2_div,92,5317103.7416
u1_spea2_div,93,5317272.5296
u1_spea2_div,94,5317272.5296
u1_spea2_div,95,5322205.679
u1_spea2_div,96,5322205.679
u1_spea2_div,97,5337675.9248
u1_spea2_div,98,5339697.5523
u1_spea2_div,99,5339679.3293
u1_spea2_div,100,5339604.2213
u1_spea2_nodiv,0,3537751.2029
u1_spea2_nodiv,1,3507919.7548
u1_spea2_nodiv,2,3693510.3468
u1_spea2_nodiv,3,3989522.5166
u1_spea2_nodiv,4,4092641.9027
u1_spea2_nodiv,5,4108632.8589
u1_spea2_nodiv,6,4168847.6131
u1_spea2_nodiv,7,4178476.3297
u1_spea2_nodiv,8,4179345.8817
u1_spea2_nodiv,9,4402763.0712
u1_spea2_nodiv,10,4427064.6671
u1_spea2_nodiv,11,4431638.0032
u1_spea2_nodiv,12,4441005.1462
u1_spea2_nodiv,13,4441140.6062
u1_spea2_nodiv,14,4461052.6577
u1_spea2_nodiv,15,4464302.9767
u1_spea2_nodiv,16,4478695.9623
u1_spea2_nodiv,17,4501942.6698
u1_spea2_nodiv,18,4513240.927
u1_spea2_nodiv,19,4514330.6362
u1_spea2_nodiv,20,4582903.4491
u1_spea2_nodiv,21,4604298.6305
u1_spea2_nodiv,22,4596987.3705
u1_spea2_nodiv,23,4691229.551
u1_spea2_nodiv,24,4691229.551
u1_spea2_nodiv,25,4691229.551
u1_spea2_nodiv,26,4696132.4987
u1_spea2_nodiv,27,4894548.8578
u1_spea2_nodiv,28,4907625.9961
u1_spea2_nodiv,29,4907636.9401
u1_spea2_nodiv,30,4913184.4134
u1_spea2_nodiv,31,4915023.1774
u1_spea2_nodiv,32,4939074.3248
u1_spea2_nodiv,33,4947071.8094
u1_spea2_nodiv,34,4982891.9254
u1_spea2_nodiv,35,5145767.9721
u1_spea2_nodiv,36,5149995.2571
u1_spea2_nodiv,37,5159874.0591
u1_spea2_nodiv,38,5159874.0591
u1_spea2_nodiv,39,5159874.0591
u1_spea2_nodiv,40,5165034.7879
u1_spea2_nodiv,41,5165150.3729
u1_spea2_nodiv,42,5165150.3729
u1_spea2_nodiv,43,5168524.4789
u1_spea2_nodiv,44,5169058.9049
u1_spea2_nodiv,45,5169063.2849
u1_spea2_nodiv,46,5186678.2491
u1_spea2_nodiv,47,5187894.5251
u1_spea2_nodiv,48,5191839.0211
u1_spea2_nodiv,49,5205187.6046
u1_spea2_nodiv,50,5206394.7326
u1_spea2_nodiv,51,5249776.4249
u1_spea2_nodiv,52,5250892.2299
u1_spea2_nodiv,53,5250892.2299
u1_spea2_nodiv,54,5311213.5959
u1_spea2_nodiv,55,5313105.4369
u1_spea2_nodiv,56,5351387.1792
u1_spea2_nodiv,57,5375471.8776
u1_spea2_nodiv,58,5377111.4636
u1_spea2_nodiv,59,5377111.4636
u1_spea2_nodiv,60,5411525.7122
u1_spea2_nodiv,61,5420932.6192
u1_spea2_nodiv,62,5420932.6192
u1_spea2_nodiv,63,5424863.8318
u1_spea2_nodiv,64,5425838.8048
u1_spea2_nodiv,65,5425838.8048
u1_spea2_nodiv,66,5438425.0993
u1_spea2_nodiv,67,5438427.4933
u1_spea2_nodiv,68,5438436.9433
u1_spea2_nodiv,69,5438402.8108
u1_spea2_nodiv,70,5440293.2583
u1_spea2_nodiv,71,5440432.7223
u1_spea2_nodiv,72,5440432.7223
u1_spea2_nodiv,73,5440432.7223
u1_spea2_nodiv,74,5453106.8863
u1_spea2_nodiv,75,5455790.6499
u1_spea2_nodiv,76,5460520.8709
u1_spea2_nodiv,77,5573657.4751
u1_spea2_nodiv,78,5577455.0981
u1_spea2_nodiv,79,5573554.3441
u1_spea2_nodiv,80,5575280.5081
u1_spea2_nodiv,81,5575280.5081
u1_spea2_nodiv,82,5575280.5081
u1_spea2_nodiv,83,5575345.2681
u1_spea2_nodiv,84,5575345.2681
u1_spea2_nodiv,85,5578976.1711
u1_spea2_nodiv,86,5578976.1711
u1_spea2_nodiv,87,5606541.8561
u1_spea2_nodiv,88,5625216.5589
u1_spea2_nodiv,89,5629011.9769
u1_spea2_nodiv,90,5671759.0679
u1_spea2_nodiv,91,5671759.0679
u1_spea2_nodiv,92,5671759.0679
u1_spea2_nodiv,93,5671708.5895
u1_spea2_nodiv,94,5671708.5895
u1_spea2_nodiv,95,5678017.5165
u1_spea2_nodiv,96,5678017.5165
u1_spea2_nodiv,97,5678017.5165
u1_spea2_nodiv,98,5678017.5165
u1_spea2_nodiv,99,5682367.9791
u1_spea2_nodiv,100,5691509.9456
u2_nsgaii_div,0,6509807.3886
u2_nsgaii_div,1,6585556.1266
u2_nsgaii_div,2,6283455.6888
u2_nsgaii_div,3,6320405.1499
u2_nsgaii_div,4,6580517.2002
u2_nsgaii_div,5,6608709.8772
u2_nsgaii_div,6,6615952.8125
u2_nsgaii_div,7,6632364.0653
u2_nsgaii_div,8,6774644.7197
u2_nsgaii_div,9,6862445.7687
u2_nsgaii_div,10,6950514.1137
u2_nsgaii_div,11,6979526.5497
u2_nsgaii_div,12,6962140.2481
u2_nsgaii_div,13,7027127.4983
u2_nsgaii_div,14,7028994.3353
u2_nsgaii_div,15,7044929.0243
u2_nsgaii_div,16,7046896.8623
u2_nsgaii_div,17,7069574.8951
u2_nsgaii_div,18,7080609.7221
u2_nsgaii_div,19,7106903.0619
u2_nsgaii_div,20,7278202.846
u2_nsgaii_div,21,7331255.121
u2_nsgaii_div,22,7360707.2213
u2_nsgaii_div,23,7447577.6331
u2_nsgaii_div,24,7450667.2581
u2_nsgaii_div,25,7472792.7364
u2_nsgaii_div,26,7497889.7271
u2_nsgaii_div,27,7500123.6281
u2_nsgaii_div,28,7501590.4371
u2_nsgaii_div,29,7501590.4371
u2_nsgaii_div,30,7493708.0401
u2_nsgaii_div,31,7516256.791
u2_nsgaii_div,32,7553129.6418
u2_nsgaii_div,33,7563520.4828
u2_nsgaii_div,34,7565387.2728
u2_nsgaii_div,35,7673516.6756
u2_nsgaii_div,36,7738143.3685
u2_nsgaii_div,37,7763552.6295
u2_nsgaii_div,38,7795344.18
u2_nsgaii_div,39,7850293.1816
u2_nsgaii_div,40,7851701.7146
u2_nsgaii_div,41,7852944.8491
u2_nsgaii_div,42,7852944.8491
u2_nsgaii_div,43,7845770.6496
u2_nsgaii_div,44,7845812.4396
u2_nsgaii_div,45,7845812.4396
u2_nsgaii_div,46,7902713.3751
u2_nsgaii_div,47,7981539.7311
u2_nsgaii_div,48,8005064.5628
u2_nsgaii_div,49,8016016.1133
u2_nsgaii_div,50,8018581.1565
u2_nsgaii_div,51,8016548.2395
u2_nsgaii_div,52,8016548.2395
u2_nsgaii_div,53,7932449.7112
u2_nsgaii_div,54,7934533.4212
u2_nsgaii_div,55,7934533.4212
u2_nsgaii_div,56,7946503.4922
u2_nsgaii_div,57,7946908.6804
u2_nsgaii_div,58,7955508.3484
u2_nsgaii_div,59,7956224.6564
u2_nsgaii_div,60,7962150.1625
u2_nsgaii_div,61,7973883.4495
u2_nsgaii_div,62,7983575.2885
u2_nsgaii_div,63,7983575.2885
u2_nsgaii_div,64,7983575.2885
u2_nsgaii_div,65,8017227.1403
u2_nsgaii_div,66,8152968.5777
u2_nsgaii_div,67,8153357.2717
u2_nsgaii_div,68,8164379.2003
u2_nsgaii_div,69,8159224.0088
u2_nsgaii_div,70,8159224.0088
u2_nsgaii_div,71,8159592.0728
u2_nsgaii_div,72,8163959.0483
u2_nsgaii_div,73,8172432.8318
u2_nsgaii_div,74,8172859.3058
u2_nsgaii_div,75,8175210.6498
u2_nsgaii_div,76,8180848.0596
u2_nsgaii_div,77,8182041.3516
u2_nsgaii_div,78,8184700.0466
u2_nsgaii_div,79,8191293.8583
u2_nsgaii_div,80,8191297.5633
u2_nsgaii_div,81,8191297.5633
u2_nsgaii_div,82,8191297.5633
u2_nsgaii_div,83,8190247.2933
u2_nsgaii_div,84,8192394.7523
u2_nsgaii_div,85,8240966.9739
u2_nsgaii_div,86,8299654.1112
u2_nsgaii_div,87,8299654.1112
u2_nsgaii_div,88,8299654.1112
u2_nsgaii_div,89,8294881.8132
u2_nsgaii_div,90,8304057.3597
u2_nsgaii_div,91,8306588.6067
u2_nsgaii_div,92,8332323.914
u2_nsgaii_div,93,8350832.76
u2_nsgaii_div,94,8381138.3166
u2_nsgaii_div,95,8381138.3166
u2_nsgaii_div,96,8379734.3232
u2_nsgaii_div,97,8381552.9382
u2_nsgaii_div,98,8382389.1542
u2_nsgaii_div,99,8383111.5572
u2_nsgaii_nodiv,0,6737686.1414
u2_nsgaii_nodiv,1,7136056.1796
u2_nsgaii_nodiv,2,7269027.7365
u2_nsgaii_nodiv,3,7290178.3985
u2_nsgaii_nodiv,4,7384816.0611
u2_nsgaii_nodiv,5,7397734.8445
u2_nsgaii_nodiv,6,7466790.8517
u2_nsgaii_nodiv,7,7456706.6857
u2_nsgaii_nodiv,8,7433919.9942
u2_nsgaii_nodiv,9,7438781.1397
u2_nsgaii_nodiv,10,7488533.3645
u2_nsgaii_nodiv,11,7461597.1731
u2_nsgaii_nodiv,12,7404101.4433
u2_nsgaii_nodiv,13,7419771.9543
u2_nsgaii_nodiv,14,7501204.2945
u2_nsgaii_nodiv,15,7367966.6415
u2_nsgaii_nodiv,16,7360608.2125
u2_nsgaii_nodiv,17,7381176.1115
u2_nsgaii_nodiv,18,7418631.726
u2_nsgaii_nodiv,19,7418897.351
u2_nsgaii_nodiv,20,7400610.74
u2_nsgaii_nodiv,21,7436302.9653
u2_nsgaii_nodiv,22,7505961.8497
u2_nsgaii_nodiv,23,7507940.5862
u2_nsgaii_nodiv,24,7508885.5122
u2_nsgaii_nodiv,25,7512598.1997
u2_nsgaii_nodiv,26,7520666.2239
u2_nsgaii_nodiv,27,7531486.1778
u2_nsgaii_nodiv,28,7537354.3318
u2_nsgaii_nodiv,29,7562114.5558
u2_nsgaii_nodiv,30,7724395.8313
u2_nsgaii_nodiv,31,7728664.9653
u2_nsgaii_nodiv,32,7729213.9593
u2_nsgaii_nodiv,33,7726392.6529
u2_nsgaii_nodiv,34,7744846.9831
u2_nsgaii_nodiv,35,7745598.8901
u2_nsgaii_nodiv,36,7743536.0056
u2_nsgaii_nodiv,37,7725986.225
u2_nsgaii_nodiv,38,7769938.4035
u2_nsgaii_nodiv,39,7770025.6741
u2_nsgaii_nodiv,40,7773956.4421
u2_nsgaii_nodiv,41,7775650.8996
u2_nsgaii_nodiv,42,7777460.2426
u2_nsgaii_nodiv,43,7777460.2426
u2_nsgaii_nodiv,44,7778171.8976
u2_nsgaii_nodiv,45,7778171.8976
u2_nsgaii_nodiv,46,7775817.8846
u2_nsgaii_nodiv,47,7775302.8946
u2_nsgaii_nodiv,48,7772795.6256
u2_nsgaii_nodiv,49,7782719.8921
u2_nsgaii_nodiv,50,7771638.0241
u2_nsgaii_nodiv,51,7771587.2041
u2_nsgaii_nodiv,52,7831076.7655
u2_nsgaii_nodiv,53,7831076.7655
u2_nsgaii_nodiv,54,7889971.0784
u2_nsgaii_nodiv,55,7886851.3709
u2_nsgaii_nodiv,56,7886859.7949
u2_nsgaii_nodiv,57,7904869.8305
u2_nsgaii_nodiv,58,7913537.9996
u2_nsgaii_nodiv,59,7935673.8091
u2_nsgaii_nodiv,60,8005366.207
u2_nsgaii_nodiv,61,8120460.4206
u2_nsgaii_nodiv,62,8106337.5021
u2_nsgaii_nodiv,63,8104905.7526
u2_nsgaii_nodiv,64,8105353.4006
u2_nsgaii_nodiv,65,8125192.2372
u2_nsgaii_nodiv,66,8143050.6321
u2_nsgaii_nodiv,67,8145261.1834
u2_nsgaii_nodiv,68,8163398.3788
u2_nsgaii_nodiv,69,8172193.6148
u2_nsgaii_nodiv,70,8187983.6398
u2_nsgaii_nodiv,71,8188459.1098
u2_nsgaii_nodiv,72,8189308.6068
u2_nsgaii_nodiv,73,8189235.1808
u2_nsgaii_nodiv,74,8189235.1808
u2_nsgaii_nodiv,75,8190835.3488
u2_nsgaii_nodiv,76,8206081.8168
u2_nsgaii_nodiv,77,8209066.3464
u2_nsgaii_nodiv,78,8213564.7944
u2_nsgaii_nodiv,79,8231179.0309
u2_nsgaii_nodiv,80,8235299.9659
u2_nsgaii_nodiv,81,8235299.9659
u2_nsgaii_nodiv,82,8252433.5864
u2_nsgaii_nodiv,83,8252730.8744
u2_nsgaii_nodiv,84,8252730.8744
u2_nsgaii_nodiv,85,8259601.1179
u2_nsgaii_nodiv,86,8252633.3889
u2_nsgaii_nodiv,87,8252152.2035
u2_nsgaii_nodiv,88,8252612.5425
u2_nsgaii_nodiv,89,8253243.1725
u2_nsgaii_nodiv,90,8253407.2245
u2_nsgaii_nodiv,91,8247612.5203
u2_nsgaii_nodiv,92,8247978.5803
u2_nsgaii_nodiv,93,8252071.3083
u2_nsgaii_nodiv,94,8251032.1823
u2_nsgaii_nodiv,95,8252080.8133
u2_nsgaii_nodiv,96,8252080.8133
u2_nsgaii_nodiv,97,8250470.8763
u2_nsgaii_nodiv,98,8254303.0343
u2_nsgaii_nodiv,99,8256310.8338
u2_spea2_div,0,6011330.5371
u2_spea2_div,1,6631374.1628
u2_spea2_div,2,6654989.119
u2_spea2_div,3,6689200.2647
u2_spea2_div,4,6765864.644
u2_spea2_div,5,6662288.7513
u2_spea2_div,6,6761122.6677
u2_spea2_div,7,6778269.2092
u2_spea2_div,8,6802677.1926
u2_spea2_div,9,7073821.6386
u2_spea2_div,10,7101932.5521
u2_spea2_div,11,7113233.0396
u2_spea2_div,12,7233090.4239
u2_spea2_div,13,7280199.7972
u2_spea2_div,14,7302586.0652
u2_spea2_div,15,7306146.7372
u2_spea2_div,16,7326072.134
u2_spea2_div,17,7479813.1031
u2_spea2_div,18,7819965.6885
u2_spea2_div,19,7836255.6961
u2_spea2_div,20,7891718.3631
u2_spea2_div,21,7975527.3511
u2_spea2_div,22,7975527.3511
u2_spea2_div,23,7999611.8697
u2_spea2_div,24,7826640.3917
u2_spea2_div,25,7826640.3917
u2_spea2_div,26,7877901.0657
u2_spea2_div,27,7904686.9063
u2_spea2_div,28,7906735.1658
u2_spea2_div,29,7906735.1658
u2_spea2_div,30,7964037.8496
u2_spea2_div,31,8105365.923
u2_spea2_div,32,8124742.4248
u2_spea2_div,33,8125650.7468
u2_spea2_div,34,8345614.7332
u2_spea2_div,35,8362749.771
u2_spea2_div,36,8393027.831
u2_spea2_div,37,8418909.0828
u2_spea2_div,38,8419349.1368
u2_spea2_div,39,8430896.4373
u2_spea2_div,40,8497835.1538
u2_spea2_div,41,8506007.5998
u2_spea2_div,42,8506072.6518
u2_spea2_div,43,8846274.323
u2_spea2_div,44,8842371.0245
u2_spea2_div,45,8847951.6315
u2_spea2_div,46,8849663.5965
u2_spea2_div,47,8861196.463
u2_spea2_div,48,8868067.621
u2_spea2_div,49,8922947.24
u2_spea2_div,50,8941093.415
u2_spea2_div,51,8942207.135
u2_spea2_div,52,8943807.581
u2_spea2_div,53,8945251.783
u2_spea2_div,54,8788347.5587
u2_spea2_div,55,8785975.6837
u2_spea2_div,56,8784878.6027
u2_spea2_div,57,8823322.6097
u2_spea2_div,58,8543344.0592
u2_spea2_div,59,8542234.1862
u2_spea2_div,60,8645559.2698
u2_spea2_div,61,8645559.2698
u2_spea2_div,62,8652588.1008
u2_spea2_div,63,8651489.8493
u2_spea2_div,64,8671707.2873
u2_spea2_div,65,8671847.3933
u2_spea2_div,66,8673863.9533
u2_spea2_div,67,8721094.682
u2_spea2_div,68,8755357.483
u2_spea2_div,69,8764971.2972
u2_spea2_div,70,8800464.2351
u2_spea2_div,71,8802590.7641
u2_spea2_div,72,8802590.7641
u2_spea2_div,73,8807682.6606
u2_spea2_div,74,8807679.2586
u2_spea2_div,75,8811962.7331
u2_spea2_div,76,8822302.7741
u2_spea2_div,77,8886479.0155
u2_spea2_div,78,8892767.0735
u2_spea2_div,79,8964281.4417
u2_spea2_div,80,8961742.7657
u2_spea2_div,81,8967689.1949
u2_spea2_div,82,8967689.1949
u2_spea2_div,83,8969928.5369
u2_spea2_div,84,8975678.2299
u2_spea2_div,85,9038752.4179
u2_spea2_div,86,9047061.0649
u2_spea2_div,87,9064844.5164
u2_spea2_div,88,9073282.3219
u2_spea2_div,89,9071969.7719
u2_spea2_div,90,9071969.7719
u2_spea2_div,91,9071969.7719
u2_spea2_div,92,9091883.6751
u2_spea2_div,93,9100582.5511
u2_spea2_div,94,9100583.1031
u2_spea2_div,95,9104288.8261
u2_spea2_div,96,9104288.8261
u2_spea2_div,97,9103567.0309
u2_spea2_div,98,9103567.0309
u2_spea2_div,99,9077058.6444
u2_spea2_div,100,9087811.2001
u2_spea2_nodiv,0,6177150.2389
u2_spea2_nodiv,1,6828053.2908
u2_spea2_nodiv,2,6727746.8579
u2_spea2_nodiv,3,6815830.1075
u2_spea2_nodiv,4,6579777.4586
u2_spea2_nodiv,5,6647194.9416
u2_spea2_nodiv,6,6657969.0271
u2_spea2_nodiv,7,6681329.6905
u2_spea2_nodiv,8,6711034.8828
u2_spea2_nodiv,9,6809686.6598
u2_spea2_nodiv,10,6844621.5034
u2_spea2_nodiv,11,6837460.4029
u2_spea2_nodiv,12,6854600.1558
u2_spea2_nodiv,13,6902151.3731
u2_spea2_nodiv,14,7012672.01
u2_spea2_nodiv,15,7049805.7233
u2_spea2_nodiv,16,7065820.1403
u2_spea2_nodiv,17,6685460.3175
u2_spea2_nodiv,18,6705306.6803
u2_spea2_nodiv,19,6709036.3123
u2_spea2_nodiv,20,6784478.5676
u2_spea2_nodiv,21,6782296.8446
u2_spea2_nodiv,22,6795688.0196
u2_spea2_nodiv,23,6865603.6001
u2_spea2_nodiv,24,6880441.0466
u2_spea2_nodiv,25,7222726.8404
u2_spea2_nodiv,26,7240851.6254
u2_spea2_nodiv,27,7240361.798
u2_spea2_nodiv,28,7240361.798
u2_spea2_nodiv,29,7241677.8812
u2_spea2_nodiv,30,7241983.1027
u2_spea2_nodiv,31,7242349.8767
u2_spea2_nodiv,32,7232272.8497
u2_spea2_nodiv,33,7232272.8497
u2_spea2_nodiv,34,7232996.1137
u2_spea2_nodiv,35,7232996.1137
u2_spea2_nodiv,36,7233129.1697
u2_spea2_nodiv,37,7236584.4167
u2_spea2_nodiv,38,7245752.9787
u2_spea2_nodiv,39,7255823.8527
u2_spea2_nodiv,40,7280693.4558
u2_spea2_nodiv,41,7368522.502
u2_spea2_nodiv,42,7367977.9615
u2_spea2_nodiv,43,7368698.3685
u2_spea2_nodiv,44,7399449.0967
u2_spea2_nodiv,45,7471528.4357
u2_spea2_nodiv,46,7474182.8497
u2_spea2_nodiv,47,7476159.4747
u2_spea2_nodiv,48,7493793.2266
u2_spea2_nodiv,49,7583677.0381
u2_spea2_nodiv,50,7543477.8079
u2_spea2_nodiv,51,7543729.5999
u2_spea2_nodiv,52,7543729.5999
u2_spea2_nodiv,53,7550703.1729
u2_spea2_nodiv,54,7550817.1249
u2_spea2_nodiv,55,7550832.8329
u2_spea2_nodiv,56,7550418.9409
u2_spea2_nodiv,57,7550897.3309
u2_spea2_nodiv,58,7565435.0009
u2_spea2_nodiv,59,7601439.5743
u2_spea2_nodiv,60,7631803.5274
u2_spea2_nodiv,61,7633589.7984
u2_spea2_nodiv,62,7637048.2244
u2_spea2_nodiv,63,7634399.8568
u2_spea2_nodiv,64,7635811.3478
u2_spea2_nodiv,65,7637541.6458
u2_spea2_nodiv,66,7643160.6518
u2_spea2_nodiv,67,7643160.6518
u2_spea2_nodiv,68,7643374.4778
u2_spea2_nodiv,69,7643592.1678
u2_spea2_nodiv,70,7643592.1678
u2_spea2_nodiv,71,7649868.3728
u2_spea2_nodiv,72,7652187.4918
u2_spea2_nodiv,73,7690244.3968
u2_spea2_nodiv,74,7692969.2293
u2_spea2_nodiv,75,7709671.4623
u2_spea2_nodiv,76,7709673.1783
u2_spea2_nodiv,77,7704333.2013
u2_spea2_nodiv,78,7736367.2662
u2_spea2_nodiv,79,7736429.4852
u2_spea2_nodiv,80,7736429.4852
u2_spea2_nodiv,81,7736444.4828
u2_spea2_nodiv,82,7736425.3068
u2_spea2_nodiv,83,7736540.7178
u2_spea2_nodiv,84,7736540.7178
u2_spea2_nodiv,85,7736540.7178
u2_spea2_nodiv,86,7736553.8528
u2_spea2_nodiv,87,7782542.7128
u2_spea2_nodiv,88,7782963.3778
u2_spea2_nodiv,89,7801051.8206
u2_spea2_nodiv,90,7801189.9486
u2_spea2_nodiv,91,7864438.7178
u2_spea2_nodiv,92,7864438.7178
u2_spea2_nodiv,93,7863423.0893
u2_spea2_nodiv,94,7863837.5733
u2_spea2_nodiv,95,7871339.5881
u2_spea2_nodiv,96,7882380.1713
u2_spea2_nodiv,97,7882380.1713
u2_spea2_nodiv,98,7892475.3013
u2_spea2_nodiv,99,7892475.3013
u2_spea2_nodiv,100,7894633.8445
