solution_id,preference,cost,time,feasible,compliance_5,distinct_groups,n_foods,energy,protein,carbohydrate,fiber,sodium,food_ids,food_names
0,180.7,34.57,472.0,0,2,11,23,2458.54,37.78,335.56,23.56,1981.76,86;36;35;2;213;160;362;88;331;82;12;7;92;24;215;56;294;216;245;249;401;353;234,ÜZÜM PEKMEZİ | KAYMAK | KAYISI SUYU | ARMUT REÇELİ | HAVUÇ SUYU LD | ELMA SUYU LD | ŞEFTALİ SUYU LD | VİŞNE SUYU | PORTAKAL SUYU LD | TAHİN PEKMEZ | ÇİLEK REÇELİ | BÖĞÜRTLEN REÇELİ | YEŞİL ZEYTIN | HAVUÇ SALATASI | HAVUÇLU PİRİNÇ PİLAVI | PATATES SALATASI | MELEK PİLAVI | HAVUÇ-TURP SALATASI LD | KARIŞIK TURŞU | KAŞAR PEYNİRLİ MAKARNA | ZEYTİNYAĞLI KARNABAHAR | SEMİZOTU SALATASI LD | ISPANAKLI PATATES ÇORBASI
1,175.9,49.54,325.0,0,3,14,23,2363.07,38.77,340.04,32.07,1550.05,7;3;286;44;36;208;21;87;42;161;86;2;92;5;177;141;47;138;28;217;159;13;245,BÖĞÜRTLEN REÇELİ | AYVA REÇELİ | MANDALİNA | LOR PEYNİRİ | KAYMAK | GREYFURT SUYU LD | FINDIK EZMESİ | VİŞNE REÇELİ | KUŞBURNU MARMELATI | ERİK | ÜZÜM PEKMEZİ | ARMUT REÇELİ | YEŞİL ZEYTIN | BAL | ETSİZ BULGURLU KABAK YAHNİ | ÇOBAN SALATASI LD | MERCİMEK ÇORBASI | CEVİZLİ TEL KADAYIF | HİNDİ SALAMI | HAYDARİ | ELMA DİLİM PATATES KIZARTMASI | ÇOBAN SALATASI | KARIŞIK TURŞU
2,173.8,33.81,292.0,0,3,14,22,2348.11,61.97,343.81,26.59,1438.28,208;42;155;18;22;248;44;36;21;139;12;92;5;76;7;188;200;291;309;68;23;85,GREYFURT SUYU LD | KUŞBURNU MARMELATI | EKMEK LD | ELMA SUYU | GREYFURT SUYU | KARPUZ | LOR PEYNİRİ | KAYMAK | FINDIK EZMESİ | ÇİLEK | ÇİLEK REÇELİ | YEŞİL ZEYTIN | BAL | SİYAH ZEYTIN | BÖĞÜRTLEN REÇELİ | ETSİZ NOHUT | FINDIKLI İRMİK HELVASI | MANTARLI MAKARNA | PARMAK PATATES KIZARTMASI | POŞE YUMURTA | HAŞLANMIŞ YUMURTA | TAVADA YUMURTA
3,164.2,33.32,352.0,0,3,10,20,2021.41,40.39,288.55,19.22,1475.16,86;36;35;2;213;160;362;88;331;82;12;7;92;215;141;328;245;43;383;46,ÜZÜM PEKMEZİ | KAYMAK | KAYISI SUYU | ARMUT REÇELİ | HAVUÇ SUYU LD | ELMA SUYU LD | ŞEFTALİ SUYU LD | VİŞNE SUYU | PORTAKAL SUYU LD | TAHİN PEKMEZ | ÇİLEK REÇELİ | BÖĞÜRTLEN REÇELİ | YEŞİL ZEYTIN | HAVUÇLU PİRİNÇ PİLAVI | ÇOBAN SALATASI LD | PİRİNÇLİ HAVUÇ ÇORBASI | KARIŞIK TURŞU | KÜP PATATES KIZARTMASI B | YOĞURTLU BUĞDAY ÇORBASI | MENEMEN
4,163.7,37.59,237.0,0,4,11,21,2345.72,67.3,315.13,34.5,2087.75,36;208;21;87;42;80;86;2;12;367;44;5;82;76;91;242;243;131;275;246;199,KAYMAK | GREYFURT SUYU LD | FINDIK EZMESİ | VİŞNE REÇELİ | KUŞBURNU MARMELATI | ŞEFTALİ REÇELİ | ÜZÜM PEKMEZİ | ARMUT REÇELİ | ÇİLEK REÇELİ | TAM BUĞDAY EKMEK LD | LOR PEYNİRİ | BAL | TAHİN PEKMEZ | SİYAH ZEYTIN | YER FISTIĞI EZMESİ | KABAK MÜCVER | KABAK TARATOR | CACIK | KREMALI MANTARLI FESLEĞENLİ MAKARNA | KARNABAHAR SALATASI LD | FASULYE PİYAZI
5,158.4,29.81,287.0,0,4,11,20,2350.57,40.66,309.06,21.28,2216.59,7;3;286;44;36;208;42;80;362;82;12;92;76;126;312;236;317;24;216;200,BÖĞÜRTLEN REÇELİ | AYVA REÇELİ | MANDALİNA | LOR PEYNİRİ | KAYMAK | GREYFURT SUYU LD | KUŞBURNU MARMELATI | ŞEFTALİ REÇELİ | ŞEFTALİ SUYU LD | TAHİN PEKMEZ | ÇİLEK REÇELİ | YEŞİL ZEYTIN | SİYAH ZEYTIN | BROKOLİ SALATASI LD | PATATES PÜRESİ | İÇ PİLAV | PEYNİRLİ AKDENİZ SALATASI LD | HAVUÇ SALATASI | HAVUÇ-TURP SALATASI LD | FINDIKLI İRMİK HELVASI
6,156.4,28.22,297.0,0,3,10,20,2210.82,36.39,308.18,20.39,2029.35,7;3;286;44;36;208;42;80;362;82;12;92;76;126;312;253;317;24;216;200,BÖĞÜRTLEN REÇELİ | AYVA REÇELİ | MANDALİNA | LOR PEYNİRİ | KAYMAK | GREYFURT SUYU LD | KUŞBURNU MARMELATI | ŞEFTALİ REÇELİ | ŞEFTALİ SUYU LD | TAHİN PEKMEZ | ÇİLEK REÇELİ | YEŞİL ZEYTIN | SİYAH ZEYTIN | BROKOLİ SALATASI LD | PATATES PÜRESİ | KEMALPAŞA TATLISI | PEYNİRLİ AKDENİZ SALATASI LD | HAVUÇ SALATASI | HAVUÇ-TURP SALATASI LD | FINDIKLI İRMİK HELVASI
7,152.3,23.44,371.0,0,4,12,20,2346.41,43.68,334.0,30.09,1709.87,3;286;44;36;208;21;87;42;86;362;92;82;45;312;343;108;185;141;386;379,AYVA REÇELİ | MANDALİNA | LOR PEYNİRİ | KAYMAK | GREYFURT SUYU LD | FINDIK EZMESİ | VİŞNE REÇELİ | KUŞBURNU MARMELATI | ÜZÜM PEKMEZİ | ŞEFTALİ SUYU LD | YEŞİL ZEYTIN | TAHİN PEKMEZ | MAKARNA SALATASI | PATATES PÜRESİ | SEBZE GARNİTÜR (HAŞLANMIŞ) LD | ARPA ŞEHRİYE PİLAVI | ETSİZ KEREVİZ | ÇOBAN SALATASI LD | YOĞURTLU ISPANAK | YER FISTIKLI İRMİK HELVASI
8,150.9,27.5,287.0,0,4,12,18,2349.2,45.07,304.88,31.48,2186.55,330;286;44;36;208;367;18;82;12;3;92;126;312;236;317;24;216;200,PORTAKAL | MANDALİNA | LOR PEYNİRİ | KAYMAK | GREYFURT SUYU LD | TAM BUĞDAY EKMEK LD | ELMA SUYU | TAHİN PEKMEZ | ÇİLEK REÇELİ | AYVA REÇELİ | YEŞİL ZEYTIN | BROKOLİ SALATASI LD | PATATES PÜRESİ | İÇ PİLAV | PEYNİRLİ AKDENİZ SALATASI LD | HAVUÇ SALATASI | HAVUÇ-TURP SALATASI LD | FINDIKLI İRMİK HELVASI
9,149.3,41.69,237.0,1,5,13,21,2102.31,49.79,264.46,22.8,1563.71,36;208;21;87;42;80;86;2;12;367;44;5;82;76;91;20;274;95;254;34;295,KAYMAK | GREYFURT SUYU LD | FINDIK EZMESİ | VİŞNE REÇELİ | KUŞBURNU MARMELATI | ŞEFTALİ REÇELİ | ÜZÜM PEKMEZİ | ARMUT REÇELİ | ÇİLEK REÇELİ | TAM BUĞDAY EKMEK LD | LOR PEYNİRİ | BAL | TAHİN PEKMEZ | SİYAH ZEYTIN | YER FISTIĞI EZMESİ | EZOGELİN ÇORBASI | KREMALI MANTAR ÇORBASI | AKDENİZ SALATASI LD | KISIR | KARNABAHAR SALATASI | MENEMEN LD
10,148.7,34.04,210.0,0,2,14,21,1981.59,42.1,339.83,19.68,1748.52,42;208;155;18;22;248;44;36;21;139;12;92;5;76;7;162;332;131;266;334;242,KUŞBURNU MARMELATI | GREYFURT SUYU LD | EKMEK LD | ELMA SUYU | GREYFURT SUYU | KARPUZ | LOR PEYNİRİ | KAYMAK | FINDIK EZMESİ | ÇİLEK | ÇİLEK REÇELİ | YEŞİL ZEYTIN | BAL | SİYAH ZEYTIN | BÖĞÜRTLEN REÇELİ | ERİŞTE | PORTAKALLI REVANİ | CACIK | KORNİŞON TURŞU | ROKA SALATASI LD | KABAK MÜCVER
11,148.4,32.05,222.0,0,2,11,19,1983.81,44.67,315.29,18.36,2286.62,42;155;18;22;248;44;25;375;21;12;92;82;150;243;395;353;245;246;215,KUŞBURNU MARMELATI | EKMEK LD | ELMA SUYU | GREYFURT SUYU | KARPUZ | LOR PEYNİRİ | HAVUÇ SUYU | ÜZÜM | FINDIK EZMESİ | ÇİLEK REÇELİ | YEŞİL ZEYTIN | TAHİN PEKMEZ | DOMATESLİ BİBERLİ ERİŞTE | KABAK TARATOR | YOĞURTLU SEMİZOTU | SEMİZOTU SALATASI LD | KARIŞIK TURŞU | KARNABAHAR SALATASI LD | HAVUÇLU PİRİNÇ PİLAVI
12,148.1,21.83,284.0,1,5,10,17,2230.86,43.06,283.96,30.76,1804.81,286;44;36;208;18;16;362;252;91;159;117;13;274;245;45;334;243,MANDALİNA | LOR PEYNİRİ | KAYMAK | GREYFURT SUYU LD | ELMA SUYU | EKMEK | ŞEFTALİ SUYU LD | KAYISI SUYU LD | YER FISTIĞI EZMESİ | ELMA DİLİM PATATES KIZARTMASI | BAHARATLI ELMA DİLİM PATATES KIZARTMASI | ÇOBAN SALATASI | KREMALI MANTAR ÇORBASI | KARIŞIK TURŞU | MAKARNA SALATASI | ROKA SALATASI LD | KABAK TARATOR
13,144.7,32.68,132.0,0,3,8,17,1913.04,36.03,240.3,27.37,1703.7,7;3;286;44;36;208;82;80;362;213;12;92;46;13;317;24;216,BÖĞÜRTLEN REÇELİ | AYVA REÇELİ | MANDALİNA | LOR PEYNİRİ | KAYMAK | GREYFURT SUYU LD | TAHİN PEKMEZ | ŞEFTALİ REÇELİ | ŞEFTALİ SUYU LD | HAVUÇ SUYU LD | ÇİLEK REÇELİ | YEŞİL ZEYTIN | MENEMEN | ÇOBAN SALATASI | PEYNİRLİ AKDENİZ SALATASI LD | HAVUÇ SALATASI | HAVUÇ-TURP SALATASI LD
14,144.2,27.94,239.0,0,4,12,18,2177.19,56.52,283.98,22.92,1420.72,208;42;155;18;22;248;44;36;21;139;12;92;82;23;214;24;181;313,GREYFURT SUYU LD | KUŞBURNU MARMELATI | EKMEK LD | ELMA SUYU | GREYFURT SUYU | KARPUZ | LOR PEYNİRİ | KAYMAK | FINDIK EZMESİ | ÇİLEK | ÇİLEK REÇELİ | YEŞİL ZEYTIN | TAHİN PEKMEZ | HAŞLANMIŞ YUMURTA | HAVUÇ TARATOR | HAVUÇ SALATASI | ETSİZ HAVUÇLU YEŞİL MERCİMEK | PATATES SALATASI LD
15,136.0,18.85,231.0,0,4,11,16,1988.39,44.28,270.11,27.27,1646.84,3;286;44;36;18;16;86;87;88;91;54;23;214;24;283;175,AYVA REÇELİ | MANDALİNA | LOR PEYNİRİ | KAYMAK | ELMA SUYU | EKMEK | ÜZÜM PEKMEZİ | VİŞNE REÇELİ | VİŞNE SUYU | YER FISTIĞI EZMESİ | PARMAK PATATES KIZARTMASI B | HAŞLANMIŞ YUMURTA | HAVUÇ TARATOR | HAVUÇ SALATASI | MAKARNA SALATASI LD | ETSİZ BROKOLİ
16,134.1,16.66,395.0,0,3,12,16,2013.23,39.44,304.54,29.87,1600.79,286;44;36;208;18;16;252;158;91;328;245;56;43;383;309;291,MANDALİNA | LOR PEYNİRİ | KAYMAK | GREYFURT SUYU LD | ELMA SUYU | EKMEK | KAYISI SUYU LD | ELMA | YER FISTIĞI EZMESİ | PİRİNÇLİ HAVUÇ ÇORBASI | KARIŞIK TURŞU | PATATES SALATASI | KÜP PATATES KIZARTMASI B | YOĞURTLU BUĞDAY ÇORBASI | PARMAK PATATES KIZARTMASI | MANTARLI MAKARNA
17,133.3,32.99,175.0,0,4,11,18,1954.08,43.33,293.08,30.13,1906.38,7;3;286;44;36;208;21;87;42;161;86;2;92;5;188;62;54;242,BÖĞÜRTLEN REÇELİ | AYVA REÇELİ | MANDALİNA | LOR PEYNİRİ | KAYMAK | GREYFURT SUYU LD | FINDIK EZMESİ | VİŞNE REÇELİ | KUŞBURNU MARMELATI | ERİK | ÜZÜM PEKMEZİ | ARMUT REÇELİ | YEŞİL ZEYTIN | BAL | ETSİZ NOHUT | PEYNİRLİ AKDENİZ SALATASI | PARMAK PATATES KIZARTMASI B | KABAK MÜCVER
18,129.3,35.44,150.0,1,5,10,18,2082.26,45.37,284.08,25.23,1654.29,7;3;286;44;36;208;21;87;42;161;86;2;92;5;391;217;242;214,BÖĞÜRTLEN REÇELİ | AYVA REÇELİ | MANDALİNA | LOR PEYNİRİ | KAYMAK | GREYFURT SUYU LD | FINDIK EZMESİ | VİŞNE REÇELİ | KUŞBURNU MARMELATI | ERİK | ÜZÜM PEKMEZİ | ARMUT REÇELİ | YEŞİL ZEYTIN | BAL | YOĞURTLU KARNABAHAR KIZARTMASI | HAYDARİ | KABAK MÜCVER | HAVUÇ TARATOR
19,126.6,24.43,214.0,0,3,11,16,2230.15,60.68,327.64,22.71,1466.85,42;155;12;87;331;3;89;82;330;9;23;404;200;391;266;242,KUŞBURNU MARMELATI | EKMEK LD | ÇİLEK REÇELİ | VİŞNE REÇELİ | PORTAKAL SUYU LD | AYVA REÇELİ | YABAN MERSİNİ MARMELATI | TAHİN PEKMEZ | PORTAKAL | ÇEÇİL PEYNİRİ | HAŞLANMIŞ YUMURTA | ZEYTİNYAĞLI SEMİZOTU | FINDIKLI İRMİK HELVASI | YOĞURTLU KARNABAHAR KIZARTMASI | KORNİŞON TURŞU | KABAK MÜCVER
20,126.2,30.09,162.0,0,3,11,17,2076.34,40.31,335.76,18.65,1902.93,42;155;18;22;248;44;25;375;21;12;92;82;48;200;62;215;141,KUŞBURNU MARMELATI | EKMEK LD | ELMA SUYU | GREYFURT SUYU | KARPUZ | LOR PEYNİRİ | HAVUÇ SUYU | ÜZÜM | FINDIK EZMESİ | ÇİLEK REÇELİ | YEŞİL ZEYTIN | TAHİN PEKMEZ | MEVSİM SALATASI | FINDIKLI İRMİK HELVASI | PEYNİRLİ AKDENİZ SALATASI | HAVUÇLU PİRİNÇ PİLAVI | ÇOBAN SALATASI LD
21,126.0,26.45,207.0,0,4,10,17,2276.58,42.07,324.55,32.45,1521.47,94;7;286;92;36;208;21;87;42;161;86;76;44;182;283;115;214,YULAF GEVREĞİ | BÖĞÜRTLEN REÇELİ | MANDALİNA | YEŞİL ZEYTIN | KAYMAK | GREYFURT SUYU LD | FINDIK EZMESİ | VİŞNE REÇELİ | KUŞBURNU MARMELATI | ERİK | ÜZÜM PEKMEZİ | SİYAH ZEYTIN | LOR PEYNİRİ | ETSİZ KABAK DOLMASI | MAKARNA SALATASI LD | BADEMLİ MUHALLEBİ | HAVUÇ TARATOR
22,126.0,21.74,217.0,0,4,14,17,2191.92,65.3,308.06,32.95,1816.17,44;3;286;36;208;18;16;80;82;76;91;56;54;28;396;381;109,LOR PEYNİRİ | AYVA REÇELİ | MANDALİNA | KAYMAK | GREYFURT SUYU LD | ELMA SUYU | EKMEK | ŞEFTALİ REÇELİ | TAHİN PEKMEZ | SİYAH ZEYTIN | YER FISTIĞI EZMESİ | PATATES SALATASI | PARMAK PATATES KIZARTMASI B | HİNDİ SALAMI | ZEYTİNYAĞLI BEZELYE | YOĞURT | ARPA ŞEHRİYELİ AYRAN ÇORBASI
23,124.1,24.85,207.0,0,4,12,16,2140.1,40.33,342.03,30.15,2228.51,16;155;12;87;331;3;89;82;76;286;374;51;217;191;245;269,EKMEK | EKMEK LD | ÇİLEK REÇELİ | VİŞNE REÇELİ | PORTAKAL SUYU LD | AYVA REÇELİ | YABAN MERSİNİ MARMELATI | TAHİN PEKMEZ | SİYAH ZEYTIN | MANDALİNA | TUTMAÇ ÇORBASI | NARLI KAHVALTI SALATASI | HAYDARİ | ETSİZ PATLICAN MUSAKKA | KARIŞIK TURŞU | KREM ŞOKOLA
24,122.6,27.71,197.0,0,3,10,16,2003.41,46.97,318.93,33.8,1477.57,42;155;18;22;248;44;25;375;21;12;92;82;246;199;190;372,KUŞBURNU MARMELATI | EKMEK LD | ELMA SUYU | GREYFURT SUYU | KARPUZ | LOR PEYNİRİ | HAVUÇ SUYU | ÜZÜM | FINDIK EZMESİ | ÇİLEK REÇELİ | YEŞİL ZEYTIN | TAHİN PEKMEZ | KARNABAHAR SALATASI LD | FASULYE PİYAZI | ETSİZ PATATES OTURTMASI | TOYGA ÇORBASI
25,119.2,16.16,335.0,1,5,11,14,2311.86,41.68,297.99,35.42,1790.66,286;44;36;208;18;16;362;252;91;108;150;196;24;389,MANDALİNA | LOR PEYNİRİ | KAYMAK | GREYFURT SUYU LD | ELMA SUYU | EKMEK | ŞEFTALİ SUYU LD | KAYISI SUYU LD | YER FISTIĞI EZMESİ | ARPA ŞEHRİYE PİLAVI | DOMATESLİ BİBERLİ ERİŞTE | ETSİZ TÜRLÜ | HAVUÇ SALATASI | YOĞURTLU KARIŞIK KIZARTMA
26,118.2,13.15,337.0,0,4,11,14,2143.26,67.12,304.66,34.09,2200.09,362;81;331;42;16;86;155;243;150;343;172;85;23;344,ŞEFTALİ SUYU LD | ŞEFTALİ SUYU | PORTAKAL SUYU LD | KUŞBURNU MARMELATI | EKMEK | ÜZÜM PEKMEZİ | EKMEK LD | KABAK TARATOR | DOMATESLİ BİBERLİ ERİŞTE | SEBZE GARNİTÜR (HAŞLANMIŞ) LD | ETSİZ BARBUNYA | TAVADA YUMURTA | HAŞLANMIŞ YUMURTA | SEBZE GRATEN
27,116.9,18.49,277.0,1,5,12,15,2036.61,40.42,284.47,29.62,1624.12,3;286;44;36;208;18;16;248;82;91;389;329;215;26;110,AYVA REÇELİ | MANDALİNA | LOR PEYNİRİ | KAYMAK | GREYFURT SUYU LD | ELMA SUYU | EKMEK | KARPUZ | TAHİN PEKMEZ | YER FISTIĞI EZMESİ | YOĞURTLU KARIŞIK KIZARTMA | PİRİNÇLİ NOHUT ÇORBASI | HAVUÇLU PİRİNÇ PİLAVI | HAVUÇ-TURP SALATASI | ARRABİATA SOSLU MAKARNA
28,116.5,15.95,214.0,0,2,12,15,1994.53,57.29,301.86,23.28,1491.03,286;44;36;208;18;16;252;158;91;68;346;379;395;336;45,MANDALİNA | LOR PEYNİRİ | KAYMAK | GREYFURT SUYU LD | ELMA SUYU | EKMEK | KAYISI SUYU LD | ELMA | YER FISTIĞI EZMESİ | POŞE YUMURTA | SEBZELİ BULGUR PİLAVI | YER FISTIKLI İRMİK HELVASI | YOĞURTLU SEMİZOTU | SALATALIK TURSUSU | MAKARNA SALATASI
29,115.8,22.61,192.0,0,4,10,14,2251.51,59.63,261.27,34.87,2363.52,16;155;12;87;331;3;158;52;243;23;214;24;69;360,EKMEK | EKMEK LD | ÇİLEK REÇELİ | VİŞNE REÇELİ | PORTAKAL SUYU LD | AYVA REÇELİ | ELMA | ÖRGÜ PEYNİRİ | KABAK TARATOR | HAŞLANMIŞ YUMURTA | HAVUÇ TARATOR | HAVUÇ SALATASI | ROKA SALATASI | ŞAKŞUKA
30,113.4,30.93,115.0,0,2,10,19,1986.52,36.92,341.33,27.34,1544.53,35;375;248;21;80;161;86;2;362;92;91;51;269;34;266;216;334;245;68,KAYISI SUYU | ÜZÜM | KARPUZ | FINDIK EZMESİ | ŞEFTALİ REÇELİ | ERİK | ÜZÜM PEKMEZİ | ARMUT REÇELİ | ŞEFTALİ SUYU LD | YEŞİL ZEYTIN | YER FISTIĞI EZMESİ | NARLI KAHVALTI SALATASI | KREM ŞOKOLA | KARNABAHAR SALATASI | KORNİŞON TURŞU | HAVUÇ-TURP SALATASI LD | ROKA SALATASI LD | KARIŞIK TURŞU | POŞE YUMURTA
31,113.3,30.64,180.0,1,5,10,14,2129.48,90.56,263.89,26.28,1564.32,3;286;44;36;18;16;87;86;88;91;13;121;17;174,AYVA REÇELİ | MANDALİNA | LOR PEYNİRİ | KAYMAK | ELMA SUYU | EKMEK | VİŞNE REÇELİ | ÜZÜM PEKMEZİ | VİŞNE SUYU | YER FISTIĞI EZMESİ | ÇOBAN SALATASI | BALIK KIZARTMASI | ELMA DİLİM PATATES KIZARTMASI B | ETSİZ BİBER DOLMASI
32,113.2,23.43,212.0,1,5,11,14,2056.4,54.38,251.71,36.07,2223.48,16;155;12;87;331;3;158;52;401;23;214;24;69;360,EKMEK | EKMEK LD | ÇİLEK REÇELİ | VİŞNE REÇELİ | PORTAKAL SUYU LD | AYVA REÇELİ | ELMA | ÖRGÜ PEYNİRİ | ZEYTİNYAĞLI KARNABAHAR | HAŞLANMIŞ YUMURTA | HAVUÇ TARATOR | HAVUÇ SALATASI | ROKA SALATASI | ŞAKŞUKA
33,111.7,29.72,185.0,1,5,11,14,2171.98,92.26,275.14,25.65,1566.07,331;286;44;36;18;16;87;86;88;91;13;121;17;174,PORTAKAL SUYU LD | MANDALİNA | LOR PEYNİRİ | KAYMAK | ELMA SUYU | EKMEK | VİŞNE REÇELİ | ÜZÜM PEKMEZİ | VİŞNE SUYU | YER FISTIĞI EZMESİ | ÇOBAN SALATASI | BALIK KIZARTMASI | ELMA DİLİM PATATES KIZARTMASI B | ETSİZ BİBER DOLMASI
34,106.5,29.48,150.0,0,4,9,14,2296.66,41.34,278.26,31.64,1409.24,248;89;251;12;14;21;286;376;74;200;190;95;212;51,KARPUZ | YABAN MERSİNİ MARMELATI | KAYISI | ÇİLEK REÇELİ | DİL PEYNİRİ | FINDIK EZMESİ | MANDALİNA | VİŞNE SUYU LD | SEMİZOTU SALATASI | FINDIKLI İRMİK HELVASI | ETSİZ PATATES OTURTMASI | AKDENİZ SALATASI LD | HAVUÇ SALATASI LD | NARLI KAHVALTI SALATASI
35,106.2,15.52,250.0,0,4,10,14,2017.29,68.21,206.81,18.85,2276.71,93;252;367;52;44;91;14;3;341;370;241;243;48;200,YOĞURT B | KAYISI SUYU LD | TAM BUĞDAY EKMEK LD | ÖRGÜ PEYNİRİ | LOR PEYNİRİ | YER FISTIĞI EZMESİ | DİL PEYNİRİ | AYVA REÇELİ | SARAY ÇORBASI | TEL ŞEHRİYELİ HAVUÇ ÇORBASI | KABAK KALYE | KABAK TARATOR | MEVSİM SALATASI | FINDIKLI İRMİK HELVASI
36,105.2,27.4,165.0,0,2,10,13,1977.27,105.45,227.34,21.61,2514.18,286;44;36;208;18;16;362;252;91;121;353;62;176,MANDALİNA | LOR PEYNİRİ | KAYMAK | GREYFURT SUYU LD | ELMA SUYU | EKMEK | ŞEFTALİ SUYU LD | KAYISI SUYU LD | YER FISTIĞI EZMESİ | BALIK KIZARTMASI | SEMİZOTU SALATASI LD | PEYNİRLİ AKDENİZ SALATASI | ETSİZ BULGURLU ISPANAK
37,102.8,27.74,185.0,1,5,10,12,2061.64,91.2,243.81,25.45,1575.32,286;44;36;208;18;16;362;91;13;121;17;174,MANDALİNA | LOR PEYNİRİ | KAYMAK | GREYFURT SUYU LD | ELMA SUYU | EKMEK | ŞEFTALİ SUYU LD | YER FISTIĞI EZMESİ | ÇOBAN SALATASI | BALIK KIZARTMASI | ELMA DİLİM PATATES KIZARTMASI B | ETSİZ BİBER DOLMASI
38,102.6,31.02,117.0,0,4,8,15,2153.91,76.31,279.88,27.57,1398.96,76;158;35;2;213;160;362;88;105;139;82;100;34;28;48,SİYAH ZEYTIN | ELMA | KAYISI SUYU | ARMUT REÇELİ | HAVUÇ SUYU LD | ELMA SUYU LD | ŞEFTALİ SUYU LD | VİŞNE SUYU | ARMUT | ÇİLEK | TAHİN PEKMEZ | ANKARA TAVA | KARNABAHAR SALATASI | HİNDİ SALAMI | MEVSİM SALATASI
39,101.7,22.74,190.0,0,3,10,15,2126.24,38.49,321.18,34.26,1549.73,41;3;286;92;36;208;21;87;86;44;91;385;126;269;355,KURU KAYISI | AYVA REÇELİ | MANDALİNA | YEŞİL ZEYTIN | KAYMAK | GREYFURT SUYU LD | FINDIK EZMESİ | VİŞNE REÇELİ | ÜZÜM PEKMEZİ | LOR PEYNİRİ | YER FISTIĞI EZMESİ | YOĞURTLU HAVUÇ KIZARTMASI | BROKOLİ SALATASI LD | KREM ŞOKOLA | SOSLU PATLICAN KIZARTMASI
40,101.4,14.51,254.0,1,5,9,13,2011.09,47.6,231.92,22.05,1760.98,90;3;286;44;36;6;21;379;395;336;45;190;194,YAZ HELVASI | AYVA REÇELİ | MANDALİNA | LOR PEYNİRİ | KAYMAK | BEYAZ PEYNIR | FINDIK EZMESİ | YER FISTIKLI İRMİK HELVASI | YOĞURTLU SEMİZOTU | SALATALIK TURSUSU | MAKARNA SALATASI | ETSİZ PATATES OTURTMASI | ETSİZ PİRİNÇLİ PIRASA
41,99.7,28.26,152.0,1,5,10,13,2106.59,75.06,197.64,27.35,1688.78,3;286;44;36;208;18;16;248;82;91;125;95;394,AYVA REÇELİ | MANDALİNA | LOR PEYNİRİ | KAYMAK | GREYFURT SUYU LD | ELMA SUYU | EKMEK | KARPUZ | TAHİN PEKMEZ | YER FISTIĞI EZMESİ | BÖFSTRAGONOF | AKDENİZ SALATASI LD | YOĞURTLU PAZI
42,98.8,24.22,170.0,1,5,10,13,2009.44,53.38,296.13,20.22,1855.16,362;81;5;88;12;9;105;208;243;48;200;385;62,ŞEFTALİ SUYU LD | ŞEFTALİ SUYU | BAL | VİŞNE SUYU | ÇİLEK REÇELİ | ÇEÇİL PEYNİRİ | ARMUT | GREYFURT SUYU LD | KABAK TARATOR | MEVSİM SALATASI | FINDIKLI İRMİK HELVASI | YOĞURTLU HAVUÇ KIZARTMASI | PEYNİRLİ AKDENİZ SALATASI
43,97.1,23.06,127.0,0,4,10,13,2139.47,80.28,245.11,19.82,1585.75,3;286;44;36;208;18;16;248;82;91;314;28;363,AYVA REÇELİ | MANDALİNA | LOR PEYNİRİ | KAYMAK | GREYFURT SUYU LD | ELMA SUYU | EKMEK | KARPUZ | TAHİN PEKMEZ | YER FISTIĞI EZMESİ | PATATES SOTE | HİNDİ SALAMI | ŞEHRİYELİ  GÜVEÇ
44,94.8,14.66,242.0,0,4,9,13,1991.56,43.88,277.15,24.64,1670.46,3;286;44;36;208;18;16;248;82;91;109;314;180,AYVA REÇELİ | MANDALİNA | LOR PEYNİRİ | KAYMAK | GREYFURT SUYU LD | ELMA SUYU | EKMEK | KARPUZ | TAHİN PEKMEZ | YER FISTIĞI EZMESİ | ARPA ŞEHRİYELİ AYRAN ÇORBASI | PATATES SOTE | ETSİZ GÜVEÇ
45,90.9,19.92,200.0,1,5,10,12,2077.35,57.18,288.1,31.71,2249.08,250;286;61;16;18;375;26;131;329;242;150;95,KAVUN | MANDALİNA | PERMESAN PEYNİRİ | EKMEK | ELMA SUYU | ÜZÜM | HAVUÇ-TURP SALATASI | CACIK | PİRİNÇLİ NOHUT ÇORBASI | KABAK MÜCVER | DOMATESLİ BİBERLİ ERİŞTE | AKDENİZ SALATASI LD
46,89.9,13.8,150.0,0,3,8,11,2495.41,45.91,297.38,29.64,1468.88,367;155;362;158;27;74;200;190;95;212;51,TAM BUĞDAY EKMEK LD | EKMEK LD | ŞEFTALİ SUYU LD | ELMA | HAZIR PAKETLİ TATLI-TAHİN HELVASI | SEMİZOTU SALATASI | FINDIKLI İRMİK HELVASI | ETSİZ PATATES OTURTMASI | AKDENİZ SALATASI LD | HAVUÇ SALATASI LD | NARLI KAHVALTI SALATASI
47,88.9,18.52,160.0,1,5,9,11,2043.57,57.16,263.1,29.7,1648.97,265;44;91;14;3;286;16;18;316;405;269,KİVİ | LOR PEYNİRİ | YER FISTIĞI EZMESİ | DİL PEYNİRİ | AYVA REÇELİ | MANDALİNA | EKMEK | ELMA SUYU | PATLICAN MUSAKKA | ZEYTİNYAĞLI TAZE FASULYE | KREM ŞOKOLA
48,88.0,12.63,355.0,0,4,11,12,2299.38,49.84,302.16,37.37,1626.9,67;82;81;139;11;272;245;56;43;383;280;360,PORTAKAL SUYU | TAHİN PEKMEZ | ŞEFTALİ SUYU | ÇİLEK | ÇİKOLATALI YULAF GEVREĞİ | KREMALI FESLEĞENLİ MAKARNA | KARIŞIK TURŞU | PATATES SALATASI | KÜP PATATES KIZARTMASI B | YOĞURTLU BUĞDAY ÇORBASI | KÜP PATATES KIZARTMASI | ŞAKŞUKA
49,87.3,11.25,567.0,1,5,8,12,2319.46,46.24,241.64,23.77,2015.84,65;44;7;86;82;280;211;153;179;312;294;392,PEYNİRLİ MİLFÖY BÖREĞİ | LOR PEYNİRİ | BÖĞÜRTLEN REÇELİ | ÜZÜM PEKMEZİ | TAHİN PEKMEZ | KÜP PATATES KIZARTMASI | HAVUÇ ÇORBASI | DOMATESLİ PİRİNÇ PİLAVI | ETSİZ BULGURLU PATATESLİ LAHANA | PATATES PÜRESİ | MELEK PİLAVI | YOĞURTLU MANTI MAKARNA
50,86.9,17.8,170.0,0,3,9,12,2013.04,54.1,300.38,19.96,1850.66,362;81;5;88;331;9;105;243;48;200;385;62,ŞEFTALİ SUYU LD | ŞEFTALİ SUYU | BAL | VİŞNE SUYU | PORTAKAL SUYU LD | ÇEÇİL PEYNİRİ | ARMUT | KABAK TARATOR | MEVSİM SALATASI | FINDIKLI İRMİK HELVASI | YOĞURTLU HAVUÇ KIZARTMASI | PEYNİRLİ AKDENİZ SALATASI
51,85.8,25.78,77.0,0,4,9,12,2111.25,82.73,284.52,19.72,1617.79,42;80;302;86;367;265;44;5;82;245;131;100,KUŞBURNU MARMELATI | ŞEFTALİ REÇELİ | MUZ | ÜZÜM PEKMEZİ | TAM BUĞDAY EKMEK LD | KİVİ | LOR PEYNİRİ | BAL | TAHİN PEKMEZ | KARIŞIK TURŞU | CACIK | ANKARA TAVA
52,84.0,11.27,270.0,0,3,9,10,1998.87,42.34,300.09,35.52,1511.38,82;50;362;158;126;312;344;24;216;200,TAHİN PEKMEZ | MEYVELİ YULAF GEVREĞİ | ŞEFTALİ SUYU LD | ELMA | BROKOLİ SALATASI LD | PATATES PÜRESİ | SEBZE GRATEN | HAVUÇ SALATASI | HAVUÇ-TURP SALATASI LD | FINDIKLI İRMİK HELVASI
53,82.3,10.65,439.0,1,5,10,12,2350.84,45.97,238.27,24.86,2120.61,32;92;44;86;45;312;343;108;185;141;386;379,ISPANAKLI MİLFÖY BÖREĞİ | YEŞİL ZEYTIN | LOR PEYNİRİ | ÜZÜM PEKMEZİ | MAKARNA SALATASI | PATATES PÜRESİ | SEBZE GARNİTÜR (HAŞLANMIŞ) LD | ARPA ŞEHRİYE PİLAVI | ETSİZ KEREVİZ | ÇOBAN SALATASI LD | YOĞURTLU ISPANAK | YER FISTIKLI İRMİK HELVASI
54,80.2,13.21,218.0,1,5,8,10,2046.99,57.32,265.1,38.81,1917.88,89;50;252;367;334;132;196;141;48;109,YABAN MERSİNİ MARMELATI | MEYVELİ YULAF GEVREĞİ | KAYISI SUYU LD | TAM BUĞDAY EKMEK LD | ROKA SALATASI LD | CACIK LD | ETSİZ TÜRLÜ | ÇOBAN SALATASI LD | MEVSİM SALATASI | ARPA ŞEHRİYELİ AYRAN ÇORBASI
55,79.2,13.18,155.0,0,4,8,10,2320.17,41.48,316.26,39.22,1540.23,82;50;362;158;74;200;190;95;212;51,TAHİN PEKMEZ | MEYVELİ YULAF GEVREĞİ | ŞEFTALİ SUYU LD | ELMA | SEMİZOTU SALATASI | FINDIKLI İRMİK HELVASI | ETSİZ PATATES OTURTMASI | AKDENİZ SALATASI LD | HAVUÇ SALATASI LD | NARLI KAHVALTI SALATASI
56,78.4,16.33,143.0,1,5,9,10,2131.27,53.39,255.37,39.85,1566.12,330;22;16;88;94;331;297;51;316;190,PORTAKAL | GREYFURT SUYU | EKMEK | VİŞNE SUYU | YULAF GEVREĞİ | PORTAKAL SUYU LD | MEVSİM SALATASI LD | NARLI KAHVALTI SALATASI | PATLICAN MUSAKKA | ETSİZ PATATES OTURTMASI
57,77.9,10.49,268.0,0,4,8,9,1994.26,42.04,295.57,35.44,1509.48,362;286;50;126;312;344;24;216;200,ŞEFTALİ SUYU LD | MANDALİNA | MEYVELİ YULAF GEVREĞİ | BROKOLİ SALATASI LD | PATATES PÜRESİ | SEBZE GRATEN | HAVUÇ SALATASI | HAVUÇ-TURP SALATASI LD | FINDIKLI İRMİK HELVASI
58,76.9,13.16,240.0,1,5,9,11,2040.06,41.93,294.55,24.68,1696.65,3;286;155;36;208;18;16;248;109;314;180,AYVA REÇELİ | MANDALİNA | EKMEK LD | KAYMAK | GREYFURT SUYU LD | ELMA SUYU | EKMEK | KARPUZ | ARPA ŞEHRİYELİ AYRAN ÇORBASI | PATATES SOTE | ETSİZ GÜVEÇ
59,76.1,16.86,130.0,0,4,7,11,2089.58,46.69,265.34,31.43,1465.05,42;155;18;113;248;44;36;375;311;246;243,KUŞBURNU MARMELATI | EKMEK LD | ELMA SUYU | AYVA | KARPUZ | LOR PEYNİRİ | KAYMAK | ÜZÜM | PATATES OTURTMASI | KARNABAHAR SALATASI LD | KABAK TARATOR
60,75.6,12.99,205.0,1,5,9,10,2033.56,71.27,261.0,32.15,1633.91,52;330;286;18;76;27;188;280;242;300,ÖRGÜ PEYNİRİ | PORTAKAL | MANDALİNA | ELMA SUYU | SİYAH ZEYTIN | HAZIR PAKETLİ TATLI-TAHİN HELVASI | ETSİZ NOHUT | KÜP PATATES KIZARTMASI | KABAK MÜCVER | MISIRLI AYRAN ÇORBASI
61,72.2,9.63,491.0,1,5,9,10,2371.77,60.41,247.07,34.3,2061.23,32;76;82;44;45;249;380;344;96;172,ISPANAKLI MİLFÖY BÖREĞİ | SİYAH ZEYTIN | TAHİN PEKMEZ | LOR PEYNİRİ | MAKARNA SALATASI | KAŞAR PEYNİRLİ MAKARNA | YEŞİL MERCİMEKLİ ERİŞTE | SEBZE GRATEN | ALACA ÇORBASI | ETSİZ BARBUNYA
62,70.1,9.43,595.0,1,5,9,11,2320.38,43.76,240.6,24.77,2118.73,32;92;44;86;280;211;153;179;312;294;392,ISPANAKLI MİLFÖY BÖREĞİ | YEŞİL ZEYTIN | LOR PEYNİRİ | ÜZÜM PEKMEZİ | KÜP PATATES KIZARTMASI | HAVUÇ ÇORBASI | DOMATESLİ PİRİNÇ PİLAVI | ETSİZ BULGURLU PATATESLİ LAHANA | PATATES PÜRESİ | MELEK PİLAVI | YOĞURTLU MANTI MAKARNA
63,70.1,10.2,425.0,1,5,9,9,2014.39,52.52,189.94,37.71,2002.88,65;44;91;334;108;150;296;194;173,PEYNİRLİ MİLFÖY BÖREĞİ | LOR PEYNİRİ | YER FISTIĞI EZMESİ | ROKA SALATASI LD | ARPA ŞEHRİYE PİLAVI | DOMATESLİ BİBERLİ ERİŞTE | MERCİMEK ÇORBASI LD | ETSİZ PİRİNÇLİ PIRASA | ETSİZ BEZELYE
64,70.0,16.89,100.0,0,2,7,9,2251.38,104.1,302.66,25.47,1491.13,93;44;91;14;3;286;16;114;281,YOĞURT B | LOR PEYNİRİ | YER FISTIĞI EZMESİ | DİL PEYNİRİ | AYVA REÇELİ | MANDALİNA | EKMEK | AYVA TATLISI | MACAR GULAŞ
65,67.4,9.4,395.0,0,4,7,8,1991.42,51.49,245.73,40.71,1618.11,91;33;358;241;179;212;43;8,YER FISTIĞI EZMESİ | ISPANAKLI YUFKA BÖREĞİ | SÜTLAÇ | KABAK KALYE | ETSİZ BULGURLU PATATESLİ LAHANA | HAVUÇ SALATASI LD | KÜP PATATES KIZARTMASI B | BROKOLİ SALATASI
66,67.4,10.03,432.0,1,5,9,10,2399.25,53.88,205.51,28.86,1923.21,32;86;76;82;26;385;273;10;190;123,ISPANAKLI MİLFÖY BÖREĞİ | ÜZÜM PEKMEZİ | SİYAH ZEYTIN | TAHİN PEKMEZ | HAVUÇ-TURP SALATASI | YOĞURTLU HAVUÇ KIZARTMASI | KREMALI ISPANAK ÇORBASI | ÇILBIR | ETSİZ PATATES OTURTMASI | BARBUNYA PİLAKİ
67,66.7,14.73,130.0,0,4,7,8,1993.99,49.07,279.22,25.93,1692.47,302;155;75;44;81;311;246;243,MUZ | EKMEK LD | SİMİT | LOR PEYNİRİ | ŞEFTALİ SUYU | PATATES OTURTMASI | KARNABAHAR SALATASI LD | KABAK TARATOR
68,65.5,10.87,190.0,0,2,8,9,1961.21,67.27,221.81,19.53,1472.52,286;16;18;27;336;346;381;129;360,MANDALİNA | EKMEK | ELMA SUYU | HAZIR PAKETLİ TATLI-TAHİN HELVASI | SALATALIK TURSUSU | SEBZELİ BULGUR PİLAVI | YOĞURT | BULGUR PİLAVI | ŞAKŞUKA
69,63.1,9.86,306.0,1,5,7,9,2234.1,51.48,299.48,30.35,1569.18,89;94;160;11;404;159;152;109;400,YABAN MERSİNİ MARMELATI | YULAF GEVREĞİ | ELMA SUYU LD | ÇİKOLATALI YULAF GEVREĞİ | ZEYTİNYAĞLI SEMİZOTU | ELMA DİLİM PATATES KIZARTMASI | DOMATESLİ MAKARNA | ARPA ŞEHRİYELİ AYRAN ÇORBASI | ZEYTİNYAĞLI KABAK DOLMASI
70,60.5,12.17,120.0,0,3,7,9,1985.1,42.93,320.14,34.93,1663.2,6;80;158;286;302;216;200;385;62,BEYAZ PEYNIR | ŞEFTALİ REÇELİ | ELMA | MANDALİNA | MUZ | HAVUÇ-TURP SALATASI LD | FINDIKLI İRMİK HELVASI | YOĞURTLU HAVUÇ KIZARTMASI | PEYNİRLİ AKDENİZ SALATASI
71,60.0,10.92,225.0,1,5,7,8,2200.53,68.05,258.27,28.14,2198.91,9;331;33;243;48;200;385;62,ÇEÇİL PEYNİRİ | PORTAKAL SUYU LD | ISPANAKLI YUFKA BÖREĞİ | KABAK TARATOR | MEVSİM SALATASI | FINDIKLI İRMİK HELVASI | YOĞURTLU HAVUÇ KIZARTMASI | PEYNİRLİ AKDENİZ SALATASI
72,59.6,10.47,300.0,0,4,8,8,2176.82,76.92,243.73,18.01,1612.89,63;367;14;131;379;96;188;203,PEYNİRLİ GÜL BÖREĞİ | TAM BUĞDAY EKMEK LD | DİL PEYNİRİ | CACIK | YER FISTIKLI İRMİK HELVASI | ALACA ÇORBASI | ETSİZ NOHUT | FIRIN MAKARNA
73,58.5,22.8,98.0,1,5,7,9,2040.92,88.41,263.9,34.14,2050.55,331;213;35;113;252;50;245;131;100,PORTAKAL SUYU LD | HAVUÇ SUYU LD | KAYISI SUYU | AYVA | KAYISI SUYU LD | MEYVELİ YULAF GEVREĞİ | KARIŞIK TURŞU | CACIK | ANKARA TAVA
74,57.8,10.84,188.0,1,5,6,7,2017.97,70.73,227.74,23.29,2282.61,11;112;317;132;360;68;358,ÇİKOLATALI YULAF GEVREĞİ | AYRAN | PEYNİRLİ AKDENİZ SALATASI LD | CACIK LD | ŞAKŞUKA | POŞE YUMURTA | SÜTLAÇ
75,56.0,7.92,400.0,1,5,8,8,2129.0,51.42,250.09,34.76,1698.87,73;272;245;56;43;383;280;360,SEBZELİ YUFKA BÖREĞİ | KREMALI FESLEĞENLİ MAKARNA | KARIŞIK TURŞU | PATATES SALATASI | KÜP PATATES KIZARTMASI B | YOĞURTLU BUĞDAY ÇORBASI | KÜP PATATES KIZARTMASI | ŞAKŞUKA
76,56.0,6.78,335.0,0,4,7,9,2225.61,40.36,233.38,18.75,1719.75,32;92;44;86;150;350;334;190;392,ISPANAKLI MİLFÖY BÖREĞİ | YEŞİL ZEYTIN | LOR PEYNİRİ | ÜZÜM PEKMEZİ | DOMATESLİ BİBERLİ ERİŞTE | SEBZELİ MAKARNA | ROKA SALATASI LD | ETSİZ PATATES OTURTMASI | YOĞURTLU MANTI MAKARNA
77,53.5,8.37,277.0,1,5,6,7,2212.03,43.09,175.24,22.1,1709.0,65;44;91;196;147;190;298,PEYNİRLİ MİLFÖY BÖREĞİ | LOR PEYNİRİ | YER FISTIĞI EZMESİ | ETSİZ TÜRLÜ | DOMATES SALATALIK SÖĞÜŞ LD | ETSİZ PATATES OTURTMASI | MEYHANE PİLAVI
78,52.9,8.75,318.0,0,4,7,8,2112.88,39.36,250.31,39.13,1770.72,11;158;155;190;342;74;47;196,ÇİKOLATALI YULAF GEVREĞİ | ELMA | EKMEK LD | ETSİZ PATATES OTURTMASI | SEBZE ÇORBASI | SEMİZOTU SALATASI | MERCİMEK ÇORBASI | ETSİZ TÜRLÜ
79,51.8,18.34,100.0,0,4,7,7,2072.8,77.27,279.87,19.03,1507.51,160;81;302;75;155;395;100,ELMA SUYU LD | ŞEFTALİ SUYU | MUZ | SİMİT | EKMEK LD | YOĞURTLU SEMİZOTU | ANKARA TAVA
80,51.7,22.77,93.0,1,5,8,9,2106.17,99.48,255.2,33.64,2138.05,93;213;35;113;252;50;245;131;100,YOĞURT B | HAVUÇ SUYU LD | KAYISI SUYU | AYVA | KAYISI SUYU LD | MEYVELİ YULAF GEVREĞİ | KARIŞIK TURŞU | CACIK | ANKARA TAVA
81,51.4,8.39,260.0,1,5,6,6,2007.2,52.22,223.15,25.85,1680.06,44;66;343;379;116;360,LOR PEYNİRİ | PEYNİRLİ YUFKA BÖREĞİ | SEBZE GARNİTÜR (HAŞLANMIŞ) LD | YER FISTIKLI İRMİK HELVASI | BADEMLİ PİRİNÇ PİLAVI | ŞAKŞUKA
82,49.6,9.93,250.0,1,5,7,7,2054.25,72.95,271.45,29.43,1651.95,25;6;60;131;379;96;188,HAVUÇ SUYU | BEYAZ PEYNIR | PATATESLİ YUFKA BÖREĞİ | CACIK | YER FISTIKLI İRMİK HELVASI | ALACA ÇORBASI | ETSİZ NOHUT
83,47.1,11.37,240.0,1,5,8,8,2019.8,76.49,251.92,33.4,1627.34,27;88;41;381;203;183;132;188,HAZIR PAKETLİ TATLI-TAHİN HELVASI | VİŞNE SUYU | KURU KAYISI | YOĞURT | FIRIN MAKARNA | ETSİZ KAPUSKA | CACIK LD | ETSİZ NOHUT
84,43.5,6.92,295.0,0,4,5,5,2283.16,67.72,256.32,36.29,1494.1,66;188;379;4;360,PEYNİRLİ YUFKA BÖREĞİ | ETSİZ NOHUT | YER FISTIKLI İRMİK HELVASI | BAHARATLI ELMA DİLİM PATATES KIZARTMASI B | ŞAKŞUKA
85,41.4,8.27,315.0,1,5,7,7,2313.95,80.02,299.77,32.53,1615.91,67;33;131;379;96;188;203,PORTAKAL SUYU | ISPANAKLI YUFKA BÖREĞİ | CACIK | YER FISTIKLI İRMİK HELVASI | ALACA ÇORBASI | ETSİZ NOHUT | FIRIN MAKARNA
86,41.1,15.93,75.0,0,4,6,7,1931.82,85.61,216.83,24.52,1894.58,155;302;158;6;245;131;100,EKMEK LD | MUZ | ELMA | BEYAZ PEYNIR | KARIŞIK TURŞU | CACIK | ANKARA TAVA
87,38.4,6.91,305.0,1,5,6,6,2074.76,59.13,237.02,28.43,1553.2,362;66;346;134;17;360,ŞEFTALİ SUYU LD | PEYNİRLİ YUFKA BÖREĞİ | SEBZELİ BULGUR PİLAVI | CEVİZLİ ERİŞTE | ELMA DİLİM PATATES KIZARTMASI B | ŞAKŞUKA
88,36.2,14.85,120.0,0,4,6,6,2017.58,85.57,217.06,23.1,1496.86,302;155;93;100;51;152,MUZ | EKMEK LD | YOĞURT B | ANKARA TAVA | NARLI KAHVALTI SALATASI | DOMATESLİ MAKARNA
89,35.4,8.35,215.0,0,4,6,6,1955.06,57.89,175.12,22.57,1771.44,65;139;381;203;183;132,PEYNİRLİ MİLFÖY BÖREĞİ | ÇİLEK | YOĞURT | FIRIN MAKARNA | ETSİZ KAPUSKA | CACIK LD
90,33.3,8.05,245.0,1,5,5,5,2034.78,53.77,238.94,32.05,1599.18,73;242;214;115;393,SEBZELİ YUFKA BÖREĞİ | KABAK MÜCVER | HAVUÇ TARATOR | BADEMLİ MUHALLEBİ | YOĞURTLU PATLICAN KIZARTMASI
91,30.2,8.6,255.0,0,4,6,6,1995.49,65.0,241.57,24.8,1717.95,25;6;60;180;381;109,HAVUÇ SUYU | BEYAZ PEYNIR | PATATESLİ YUFKA BÖREĞİ | ETSİZ GÜVEÇ | YOĞURT | ARPA ŞEHRİYELİ AYRAN ÇORBASI
92,26.8,7.69,295.0,1,5,6,6,2037.38,80.57,239.97,41.84,1921.91,73;381;203;183;132;188,SEBZELİ YUFKA BÖREĞİ | YOĞURT | FIRIN MAKARNA | ETSİZ KAPUSKA | CACIK LD | ETSİZ NOHUT
